"unaligned","aligned_unmapped","mapped_to_exon","mapped_to_intron","ambiguous_mapping","mapped_to_ERCC","mapped_to_MT","number_of_genes","total_count_per_cell","non_ERCC_percent","non_mt_percent","non_ribo_percent","batch","outliers","cell_number","cell_line_demuxlet","demuxlet_cls"
"p1_A1",21522,9759,87293,11854,2420,360,31721,5950,26481,0.99456213851646,0.890827385336344,0.978550289433824,"sc_Celseq2_5cl_p3","FALSE",1,"H1975","SNG"
"p1_A10",19359,23121,58950,24814,1749,370,12445,5789,19890,0.992257415287955,0.904524886423064,0.984112124629399,"sc_Celseq2_5cl_p3","FALSE",1,"H2228","SNG"
"p1_A11",16237,15585,56864,17561,1205,242,24508,4879,16582,0.993064768427774,0.902967072184919,0.98238995151975,"sc_Celseq2_5cl_p3","FALSE",1,"H2228","SNG"
"p1_A12",21640,20586,89545,19286,1930,309,39234,5367,23976,0.99491157782995,0.900275274899785,0.978060986794717,"sc_Celseq2_5cl_p3","FALSE",1,"HCC827","SNG"
"p1_A13",15321,16876,48625,16428,1408,388,9317,4933,16748,0.990864580253842,0.904943873355061,0.978922271959475,"sc_Celseq2_5cl_p3","FALSE",1,"H838","SNG"
"p1_A14",9387,10942,27473,10238,847,457,1696,3777,10865,0.982052461130186,0.8972848588152,0.978830208163637,"sc_Celseq2_5cl_p3","FALSE",1,"A549","DBL"
"p1_A15",20442,20450,46264,18211,1634,393,7461,5127,16807,0.990896649615698,0.897602189029808,0.97953175490465,"sc_Celseq2_5cl_p3","FALSE",1,"A549","SNG"
"p1_A16",12507,9149,43824,9175,1115,249,17121,4346,15370,0.992257644116944,0.879440467872843,0.98360378425258,"sc_Celseq2_5cl_p3","FALSE",1,"A549","SNG"
"p1_A18",12700,11599,43093,13853,1189,278,8511,4618,15216,0.992902207549355,0.910686119275311,0.976537213106458,"sc_Celseq2_5cl_p3","FALSE",1,"H1975","SNG"
"p1_A2",17534,20773,48769,19314,1733,413,2529,5566,19034,0.990805925716714,0.897709361722334,0.978669234701463,"sc_Celseq2_5cl_p3","FALSE",1,"A549","SNG"
"p1_A20",13552,13646,44229,15366,1620,384,2826,5214,16810,0.991374181444751,0.902498512253124,0.97394350152082,"sc_Celseq2_5cl_p3","FALSE",1,"H838","SNG"
"p1_A21",10371,13727,27940,13620,998,349,4209,3839,10346,0.986564855029417,0.891455634166387,0.981054532133644,"sc_Celseq2_5cl_p3","FALSE",1,"A549","SNG"
"p1_A23",12747,9188,48697,9313,1272,148,16656,4417,15296,0.99581589893056,0.895397488954369,0.985093498239083,"sc_Celseq2_5cl_p3","FALSE",2,"H1975","SNG"
"p1_A3",26744,40779,64191,35931,2145,477,10210,6179,23091,0.992464596166271,0.908189337443944,0.979558711377285,"sc_Celseq2_5cl_p3","FALSE",1,"H838","SNG"
"p1_A4",10985,5465,33132,12988,1076,123,5724,4560,12941,0.99513175102764,0.904025963291843,0.981994450201337,"sc_Celseq2_5cl_p3","FALSE",1,"H838","SNG"
"p1_A5",6603,1447,12954,3617,388,270,1283,2319,5389,0.981629242936298,0.902579326586418,0.973277095421979,"sc_Celseq2_5cl_p3","FALSE",1,"A549","DBL"
"p1_A6",9352,11975,20144,11900,611,228,951,3379,8458,0.986876328934883,0.908134309638054,0.972805659960203,"sc_Celseq2_5cl_p3","FALSE",1,"H838","SNG"
"p1_A7",17122,19374,57205,18551,1800,343,18907,5004,17925,0.992635982709827,0.88206415571433,0.979302103597153,"sc_Celseq2_5cl_p3","FALSE",1,"A549","SNG"
"p1_A8",16173,15380,39018,13531,985,336,15203,3801,12256,0.988658615381316,0.89327676167324,0.981396066093288,"sc_Celseq2_5cl_p3","FALSE",1,"A549","SNG"
"p1_A9",26811,22827,83175,22980,2198,328,37951,5834,24473,0.994647161772301,0.89179912520255,0.984554004595266,"sc_Celseq2_5cl_p3","FALSE",1,"H1975","SNG"
"p1_B1",20016,33789,49098,25207,1547,258,11616,4922,16472,0.993504127614434,0.890845069881711,0.983243696428062,"sc_Celseq2_5cl_p3","FALSE",1,"A549","SNG"
"p1_B10",16630,17535,55445,15163,1682,284,20561,5073,18161,0.993006992460213,0.900005505809149,0.979736259161798,"sc_Celseq2_5cl_p3","FALSE",1,"H838","SNG"
"p1_B11",9523,10678,27609,13230,932,270,5889,3511,9706,0.988563773966038,0.894086131368137,0.982587077491163,"sc_Celseq2_5cl_p3","FALSE",1,"A549","SNG"
"p1_B12",10458,10231,36825,9713,1335,363,7193,4407,13545,0.989221114072188,0.88896271621339,0.98095165673558,"sc_Celseq2_5cl_p3","FALSE",1,"A549","SNG"
"p1_B13",24931,24970,84269,25307,1912,223,33966,5553,23905,0.995733109811448,0.904120476509466,0.981467901498473,"sc_Celseq2_5cl_p3","FALSE",1,"HCC827","SNG"
"p1_B14",11975,10769,40067,14937,841,149,16343,4004,11513,0.994267349088624,0.91374967348758,0.984625219642821,"sc_Celseq2_5cl_p3","FALSE",1,"H2228","SNG"
"p1_B16",18626,16186,46021,16787,1220,248,19156,4214,14303,0.992868628264792,0.892260364334573,0.980912409346005,"sc_Celseq2_5cl_p3","FALSE",1,"A549","SNG"
"p1_B17",31235,33867,82479,29961,2463,387,30851,5849,23953,0.992527031690174,0.885191833638713,0.982256509724665,"sc_Celseq2_5cl_p3","FALSE",1,"A549","SNG"
"p1_B18",10925,11636,36294,11734,1103,317,9001,3946,12537,0.990667623043258,0.879556512020773,0.979659424376307,"sc_Celseq2_5cl_p3","FALSE",1,"A549","SNG"
"p1_B19",13481,11944,43300,14719,1350,308,3035,5368,17384,0.992464334449802,0.902726644671694,0.979003118382928,"sc_Celseq2_5cl_p3","FALSE",1,"HCC827","SNG"
"p1_B2",16678,14968,45551,15116,1365,378,17619,4237,14061,0.989901144307019,0.894104259374081,0.983428644172787,"sc_Celseq2_5cl_p3","FALSE",1,"H838","SNG"
"p1_B20",24573,27061,72508,27808,2444,347,11201,6955,26063,0.9940912400744,0.901085830141931,0.983386032541905,"sc_Celseq2_5cl_p3","FALSE",1,"H1975","SNG"
"p1_B22",17132,14201,51619,19799,1920,224,1811,5799,20266,0.994769564297459,0.906246915569798,0.978929744927591,"sc_Celseq2_5cl_p3","FALSE",2,"H838","SNG"
"p1_B24",15395,3158,34066,8566,981,208,8117,3946,11758,0.993196120944722,0.889692123754302,0.979247338622777,"sc_Celseq2_5cl_p3","FALSE",2,"H838","SNG"
"p1_B4",10609,9622,33175,11335,820,359,10244,3545,10713,0.98581162980882,0.887706523954348,0.981050143703777,"sc_Celseq2_5cl_p3","FALSE",1,"A549","SNG"
"p1_B7",9348,11853,23420,13271,760,174,2359,4412,11179,0.991233562043802,0.899991053850979,0.984523674278849,"sc_Celseq2_5cl_p3","FALSE",1,"A549","SNG"
"p1_C1",18159,23118,35812,20052,1098,394,7037,4222,13276,0.988023500310317,0.887466103579793,0.981318935433161,"sc_Celseq2_5cl_p3","FALSE",1,"A549","SNG"
"p1_C10",20086,14390,61400,15521,1694,489,25668,4462,17938,0.989798193226782,0.888170364094007,0.981379762861098,"sc_Celseq2_5cl_p3","FALSE",1,"A549","SNG"
"p1_C11",15108,8731,48775,13528,1277,290,18199,3889,14730,0.991717582490348,0.89708078689947,0.976849302885741,"sc_Celseq2_5cl_p3","FALSE",1,"HCC827","SNG"
"p1_C12",13111,12757,48786,14538,1220,375,16530,4297,15289,0.989273333122328,0.890509516063503,0.980639034182069,"sc_Celseq2_5cl_p3","FALSE",1,"A549","SNG"
"p1_C13",15871,15742,47171,15184,1470,268,2674,5635,18921,0.993763542627893,0.910152739860392,0.976004980706633,"sc_Celseq2_5cl_p3","FALSE",1,"H2228","SNG"
"p1_C14",11456,2459,51667,2468,377,249,44834,851,7079,0.9846023435731,0.879926542054066,0.997597121631415,"sc_Celseq2_5cl_p3","FALSE",1,"HCC827","DBL"
"p1_C15",14454,16485,41963,19149,1538,299,3365,4921,15779,0.992268203946848,0.899486658914071,0.977310997331265,"sc_Celseq2_5cl_p3","FALSE",1,"A549","SNG"
"p1_C16",31307,29585,118719,27301,2707,303,60242,6320,29368,0.995096703556559,0.895430400130949,0.985528130779035,"sc_Celseq2_5cl_p3","FALSE",1,"A549","SNG"
"p1_C17",15931,23179,38713,23762,1410,400,2292,5185,15847,0.989587934000386,0.896131759389076,0.980942146184044,"sc_Celseq2_5cl_p3","FALSE",1,"A549","DBL"
"p1_C18",17277,15788,59105,19810,1619,384,16586,5565,19622,0.991336254718512,0.904189174954546,0.984710536790064,"sc_Celseq2_5cl_p3","FALSE",1,"H1975","SNG"
"p1_C19",17081,14829,51129,16135,1336,307,17460,4648,16157,0.992325307301897,0.89441109061434,0.980441306900225,"sc_Celseq2_5cl_p3","FALSE",1,"H1975","SNG"
"p1_C2",12968,13700,36342,16672,1484,333,1851,4871,14684,0.990397711120677,0.909765730788773,0.974733740987646,"sc_Celseq2_5cl_p3","FALSE",1,"H1975","SNG"
"p1_C21",28280,22463,59361,23763,1748,248,2998,6312,22440,0.995098038772238,0.912076648434903,0.979545018028067,"sc_Celseq2_5cl_p3","FALSE",1,"H2228","SNG"
"p1_C22",30847,14803,112922,29295,3220,294,51302,6854,31328,0.995563074248097,0.895524769887792,0.978613068624531,"sc_Celseq2_5cl_p3","FALSE",2,"H1975","DBL"
"p1_C23",36689,39611,139702,38000,3874,296,46343,8148,41789,0.997008781976834,0.896168848047053,0.981406355403011,"sc_Celseq2_5cl_p3","FALSE",2,"H838","DBL"
"p1_C24",20043,16861,59616,22805,2090,215,2656,6223,22145,0.995529464440944,0.897538947438456,0.981440062569401,"sc_Celseq2_5cl_p3","FALSE",2,"A549","SNG"
"p1_C3",35449,26610,139435,31028,3345,404,54567,7053,38094,0.995458602143262,0.890560192972499,0.980495358719127,"sc_Celseq2_5cl_p3","FALSE",1,"A549","SNG"
"p1_C4",15417,24737,42166,23806,1735,413,2853,5014,16181,0.990050058098974,0.895247511961407,0.980655719265979,"sc_Celseq2_5cl_p3","FALSE",1,"A549","SNG"
"p1_C5",6478,4681,20127,5035,571,176,6751,2571,6851,0.98817690703813,0.891402713630999,0.980147452711352,"sc_Celseq2_5cl_p3","FALSE",1,"A549","SNG"
"p1_C6",16999,12330,41073,12722,1252,266,7485,4962,14592,0.992393091425169,0.899465459909906,0.979371587601708,"sc_Celseq2_5cl_p3","FALSE",1,"H838","SNG"
"p1_D1",19352,29756,54377,26310,1378,527,19141,4665,16842,0.988540552791509,0.900546252879381,0.97951491538124,"sc_Celseq2_5cl_p3","FALSE",1,"A549","SNG"
"p1_D10",13041,11818,48206,13153,1955,333,5953,5525,18823,0.993040428734505,0.885299898589332,0.98321150549248,"sc_Celseq2_5cl_p3","FALSE",1,"H1975","SNG"
"p1_D11",13695,15317,41452,14687,1345,227,7966,5299,16940,0.993152301656935,0.902479338310225,0.98016471064657,"sc_Celseq2_5cl_p3","FALSE",1,"H838","SNG"
"p1_D12",14857,14851,49996,13014,1204,461,21412,4020,14495,0.987857881346769,0.890858916253288,0.981579177937787,"sc_Celseq2_5cl_p3","FALSE",1,"A549","SNG"
"p1_D14",24382,18892,83729,25772,1863,374,33829,5355,23082,0.994237933890374,0.906160644265592,0.980460540481527,"sc_Celseq2_5cl_p3","FALSE",1,"HCC827","SNG"
"p1_D15",25525,23156,98137,23971,1755,382,52247,5825,24080,0.993230896597496,0.905813953112203,0.986170686806193,"sc_Celseq2_5cl_p3","FALSE",1,"H2228","SNG"
"p1_D16",16860,9665,40328,11042,1002,336,19874,3450,11693,0.988112545122627,0.900624304369602,0.980585837179648,"sc_Celseq2_5cl_p3","FALSE",1,"H838","SNG"
"p1_D17",19361,27725,52324,26477,1935,374,6028,5581,19564,0.993048455840805,0.901093845378709,0.978582611642501,"sc_Celseq2_5cl_p3","FALSE",1,"A549","SNG"
"p1_D18",12818,12164,49509,9946,1727,326,11832,4812,16782,0.992849480995799,0.890120366529543,0.980097139734752,"sc_Celseq2_5cl_p3","FALSE",1,"A549","SNG"
"p1_D19",9279,16139,23761,13380,780,246,1236,3649,9364,0.987825714451275,0.896411788876109,0.980669606290467,"sc_Celseq2_5cl_p3","FALSE",1,"A549","SNG"
"p1_D2",7504,9713,26124,8159,690,385,7537,3102,8906,0.983718840126074,0.892544351119982,0.981584345851846,"sc_Celseq2_5cl_p3","FALSE",1,"A549","DBL"
"p1_D20",10154,7547,40822,7046,1155,223,15000,3676,12667,0.991473907798631,0.876766400192021,0.983262822086664,"sc_Celseq2_5cl_p3","FALSE",1,"A549","SNG"
"p1_D21",33733,37103,130447,38567,2982,520,56737,7196,34952,0.994220645172173,0.899462119220799,0.984406905353941,"sc_Celseq2_5cl_p3","FALSE",1,"H1975","SNG"
"p1_D22",24769,12583,59976,16029,2165,225,3179,6800,25433,0.995910824127743,0.908072189317787,0.977351874591328,"sc_Celseq2_5cl_p3","FALSE",2,"H2228","DBL"
"p1_D24",30982,28444,113174,38888,3006,258,25580,7151,34889,0.996990455158649,0.908280546616905,0.978789595921466,"sc_Celseq2_5cl_p3","FALSE",2,"HCC827","SNG"
"p1_D3",26344,23315,51363,24656,1759,339,4341,5706,19004,0.992896231849665,0.909177014886773,0.978740802599031,"sc_Celseq2_5cl_p3","FALSE",1,"HCC827","DBL"
"p1_D5",48572,38655,179175,52781,4954,182,58320,9333,52538,0.998515360120576,0.897559861262789,0.980394955956649,"sc_Celseq2_5cl_p3","FALSE",1,"H2228","DBL"
"p1_D6",6081,6073,12863,6624,320,208,889,2431,5468,0.983540598054973,0.894476955203956,0.975857761781708,"sc_Celseq2_5cl_p3","FALSE",1,"A549","SNG"
"p1_D7",17126,23438,59431,21964,1651,317,13295,5434,20365,0.993812913825773,0.903314509745488,0.978737550337564,"sc_Celseq2_5cl_p3","FALSE",1,"H838","SNG"
"p1_D8",8283,8639,28403,7415,919,352,3352,3721,11113,0.988571941880166,0.883559794039809,0.974893390719526,"sc_Celseq2_5cl_p3","FALSE",1,"A549","SNG"
"p1_D9",26815,30747,90493,23909,2593,336,21667,6840,29870,0.995145630734802,0.902008704083693,0.98088350154553,"sc_Celseq2_5cl_p3","FALSE",1,"H2228","SNG"
"p1_E10",26031,24723,92314,26579,2702,352,33603,6297,26896,0.994720404151279,0.893367043094376,0.979773579798639,"sc_Celseq2_5cl_p3","FALSE",1,"H838","SNG"
"p1_E11",12999,19603,35686,19156,1255,354,685,4889,15134,0.990154618085004,0.922492400606256,0.97092574935526,"sc_Celseq2_5cl_p3","FALSE",1,"HCC827","SNG"
"p1_E12",9076,7187,28991,9288,994,439,2094,4349,12045,0.986135325042644,0.896222498218163,0.979741818396166,"sc_Celseq2_5cl_p3","FALSE",1,"A549","SNG"
"p1_E13",12271,14308,33002,13874,1157,280,1842,4443,12520,0.991293928920692,0.906469647838283,0.977475257607622,"sc_Celseq2_5cl_p3","FALSE",1,"H838","SNG"
"p1_E14",33754,28480,89933,37629,2816,452,11837,7152,32072,0.994824145362053,0.908767772228496,0.978267342770222,"sc_Celseq2_5cl_p3","FALSE",1,"HCC827","SNG"
"p1_E15",36470,37540,66269,39556,2619,404,4782,6691,26614,0.993725106713112,0.902081610843135,0.979859855767695,"sc_Celseq2_5cl_p3","FALSE",1,"H1975","SNG"
"p1_E16",20335,16644,55473,22064,1566,372,13109,5374,18521,0.991415149834558,0.912207763667076,0.98228984272456,"sc_Celseq2_5cl_p3","FALSE",1,"HCC827","SNG"
"p1_E17",19788,26550,59203,26533,1983,391,3446,6424,22441,0.993182121566248,0.919433179929846,0.977451549640591,"sc_Celseq2_5cl_p3","FALSE",1,"H2228","SNG"
"p1_E18",15171,20611,45697,20856,1481,423,11430,4647,15865,0.989725810910983,0.902741884082734,0.975606066431726,"sc_Celseq2_5cl_p3","FALSE",1,"H838","SNG"
"p1_E19",15252,18606,43709,19891,1350,518,9078,4850,15500,0.988322580007534,0.890064515554797,0.980321948179388,"sc_Celseq2_5cl_p3","FALSE",1,"A549","SNG"
"p1_E2",19260,21023,62714,19723,1567,346,27712,4644,17421,0.991734113431069,0.888525342466836,0.983639869330194,"sc_Celseq2_5cl_p3","FALSE",1,"A549","SNG"
"p1_E20",20121,6231,13881,6458,493,107,851,3295,7583,0.991428193338483,0.895687721356076,0.983118840671448,"sc_Celseq2_5cl_p3","FALSE",1,"A549","SNG"
"p1_E22",31927,27085,100960,37233,3585,344,9306,8049,37393,0.995828095901418,0.905677532985939,0.98149360000706,"sc_Celseq2_5cl_p3","FALSE",2,"H838","SNG"
"p1_E23",41480,26570,148376,35488,4896,376,33929,8652,48042,0.996960992257408,0.901232254922519,0.979684238856784,"sc_Celseq2_5cl_p3","FALSE",2,"H838","DBL"
"p1_E24",30752,29681,94236,38169,2936,302,17041,7525,32056,0.996256550724901,0.903668579703123,0.981220058266765,"sc_Celseq2_5cl_p3","FALSE",2,"H1975","DBL"
"p1_E4",19125,24661,49261,23158,1532,354,10882,5489,19512,0.99215867107823,0.883046330010739,0.981703063907819,"sc_Celseq2_5cl_p3","FALSE",1,"A549","SNG"
"p1_E5",9064,11465,28131,9367,753,228,10211,3106,9100,0.988241757155778,0.904065933072455,0.979998923078106,"sc_Celseq2_5cl_p3","FALSE",1,"H838","SNG"
"p1_E6",15700,20913,30604,19911,1061,205,4154,4156,11235,0.991544280381358,0.898976412194948,0.982820665046137,"sc_Celseq2_5cl_p3","FALSE",1,"A549","SNG"
"p1_E7",29070,27498,47289,32812,1332,334,4448,5475,18478,0.991828119389637,0.894523216314253,0.977323856843892,"sc_Celseq2_5cl_p3","FALSE",1,"A549","SNG"
"p1_E8",24772,23467,76264,22637,2337,463,22371,5719,24030,0.992675821476206,0.874406990897042,0.983104043652083,"sc_Celseq2_5cl_p3","FALSE",1,"A549","SNG"
"p1_E9",13204,16967,38839,19010,1328,285,2391,5000,16050,0.991588784428917,0.901433021245213,0.978379452723082,"sc_Celseq2_5cl_p3","FALSE",1,"A549","SNG"
"p1_F1",21603,17635,76182,17613,1562,421,31575,5496,20661,0.9920139388258,0.90987851463633,0.984753407505248,"sc_Celseq2_5cl_p3","FALSE",1,"H2228","SNG"
"p1_F10",12102,14152,43208,14739,1243,286,14034,4249,12873,0.991532664498149,0.888526372338595,0.981666292498802,"sc_Celseq2_5cl_p3","FALSE",1,"A549","SNG"
"p1_F11",18484,20202,49479,25830,1456,373,2398,6309,20707,0.992176558172513,0.912927994923008,0.982034586355056,"sc_Celseq2_5cl_p3","FALSE",1,"H2228","SNG"
"p1_F12",26474,28178,84179,25163,2330,314,37311,5619,20458,0.994232084761838,0.891436112576285,0.981375998936358,"sc_Celseq2_5cl_p3","FALSE",1,"H838","SNG"
"p1_F13",12015,12728,31036,13863,1118,204,2066,4405,12052,0.993445070533152,0.911466975679168,0.978011136731549,"sc_Celseq2_5cl_p3","FALSE",1,"H838","SNG"
"p1_F14",17658,14974,42847,18508,1512,256,2326,5382,16129,0.994295987975512,0.906255811949745,0.975881346716258,"sc_Celseq2_5cl_p3","FALSE",1,"HCC827","SNG"
"p1_F16",9426,16089,25117,15067,1027,301,5783,3666,8902,0.987755559438603,0.912266905288399,0.983710420455605,"sc_Celseq2_5cl_p3","FALSE",1,"H838","SNG"
"p1_F17",7680,7716,21834,6923,561,363,7816,2561,7448,0.980531685042251,0.890708913949102,0.974354223477144,"sc_Celseq2_5cl_p3","FALSE",1,"H838","SNG"
"p1_F18",31909,21880,45790,20619,1349,355,8114,4942,15482,0.992119880511484,0.889484562143467,0.979782340923433,"sc_Celseq2_5cl_p3","FALSE",1,"A549","SNG"
"p1_F19",7809,2806,17381,8952,517,355,1801,3325,7669,0.98161429002267,0.899986959316747,0.979526692493555,"sc_Celseq2_5cl_p3","FALSE",1,"A549","DBL"
"p1_F2",20787,24101,59387,23190,1785,294,16367,5495,19214,0.993962734988049,0.908868532888067,0.980846788359119,"sc_Celseq2_5cl_p3","FALSE",1,"H2228","SNG"
"p1_F20",7601,8252,22724,8523,746,257,2340,3338,8569,0.987746527030288,0.899988328976557,0.972574428084458,"sc_Celseq2_5cl_p3","FALSE",1,"A549","DBL"
"p1_F22",8114,13012,19663,14324,619,232,1474,3158,7603,0.988294093136533,0.894778375779589,0.974482474704097,"sc_Celseq2_5cl_p3","FALSE",2,"A549","DBL"
"p1_F23",31263,31078,104989,35284,3139,319,21647,7760,34841,0.9957521308241,0.898338164547993,0.978932585479009,"sc_Celseq2_5cl_p3","FALSE",2,"H838","DBL"
"p1_F24",11936,17852,29630,17821,956,203,1281,4330,11745,0.992592591747473,0.908131118852166,0.9779472303557,"sc_Celseq2_5cl_p3","FALSE",2,"H838","SNG"
"p1_F3",20312,20452,43745,18366,1255,522,10416,4356,15117,0.987299066622148,0.888734536688011,0.980551048123935,"sc_Celseq2_5cl_p3","FALSE",1,"A549","SNG"
"p1_F4",9597,6879,27777,7507,660,336,12488,2575,7737,0.983197620546468,0.878635128759681,0.984488840004084,"sc_Celseq2_5cl_p3","FALSE",1,"A549","DBL"
"p1_F5",13981,13860,32862,15955,1255,201,1858,4991,14219,0.994022082429129,0.904915956885213,0.978549139497054,"sc_Celseq2_5cl_p3","FALSE",1,"H838","SNG"
"p1_F6",23708,19825,77898,16155,1854,185,40080,4780,16224,0.995562129563879,0.896449703589466,0.979844070608931,"sc_Celseq2_5cl_p3","FALSE",1,"H838","SNG"
"p1_F7",21034,15154,69805,14763,1890,359,30511,5271,20472,0.99321023788921,0.887700273110737,0.985052273811902,"sc_Celseq2_5cl_p3","FALSE",1,"H1975","SNG"
"p1_F9",14698,19404,38764,17102,1195,375,9087,4158,13909,0.989646990445289,0.895247680713748,0.97598606946145,"sc_Celseq2_5cl_p3","FALSE",1,"A549","SNG"
"p1_G1",40237,38693,163026,40563,4250,415,63562,7910,43173,0.996178166679133,0.889074189681265,0.984735602173673,"sc_Celseq2_5cl_p3","FALSE",1,"H2228","SNG"
"p1_G10",12735,10773,38773,15362,1417,410,1931,4956,15170,0.989782464739761,0.891760052147818,0.978905089713191,"sc_Celseq2_5cl_p3","FALSE",1,"A549","SNG"
"p1_G11",9717,7308,31648,9785,1023,372,4842,4200,12381,0.987642354424003,0.901704223486225,0.976091611265963,"sc_Celseq2_5cl_p3","FALSE",1,"H838","SNG"
"p1_G12",15062,14885,39691,16790,1222,643,8647,4768,14252,0.982809429565809,0.900435026031129,0.982317581870908,"sc_Celseq2_5cl_p3","FALSE",1,"H838","SNG"
"p1_G13",11715,8981,44178,12238,1036,405,14028,4290,14260,0.988429171817371,0.917601682385974,0.97699791234368,"sc_Celseq2_5cl_p3","FALSE",1,"H2228","SNG"
"p1_G14",9148,8625,24307,10491,793,416,2681,3639,9035,0.982733811861944,0.924958493718917,0.977862780450713,"sc_Celseq2_5cl_p3","FALSE",1,"H2228","SNG"
"p1_G15",16220,10075,67852,14224,1527,340,29478,5027,17749,0.992112231116056,0.90467068516273,0.983040744244327,"sc_Celseq2_5cl_p3","FALSE",1,"H2228","SNG"
"p1_G16",19667,20045,50052,21889,1867,459,2189,5855,20270,0.991514553038227,0.905870744496364,0.976664540372698,"sc_Celseq2_5cl_p3","FALSE",1,"H838","SNG"
"p1_G17",13327,15175,48913,13963,1639,375,13133,4730,16517,0.990313010237747,0.896651933827782,0.979596185992501,"sc_Celseq2_5cl_p3","FALSE",1,"A549","SNG"
"p1_G18",20912,19969,74070,23781,2348,467,19606,6284,24319,0.992639499571266,0.884164644564265,0.985196354621344,"sc_Celseq2_5cl_p3","FALSE",1,"H1975","SNG"
"p1_G19",16190,9199,54567,13244,1588,358,14853,5097,18759,0.991417452427412,0.898555359614822,0.977770148851139,"sc_Celseq2_5cl_p3","FALSE",1,"H838","SNG"
"p1_G2",12044,10513,36377,13465,1201,399,2244,5037,15592,0.989610055804509,0.905592611014884,0.976846474572553,"sc_Celseq2_5cl_p3","FALSE",1,"HCC827","SNG"
"p1_G20",15272,10394,50347,14830,1793,516,1661,5853,19333,0.990120518807158,0.915533025957931,0.979206031549148,"sc_Celseq2_5cl_p3","FALSE",1,"H2228","SNG"
"p1_G21",21592,18906,48997,19146,1854,521,2363,5574,19642,0.98966500305994,0.904795845176257,0.97632574263021,"sc_Celseq2_5cl_p3","FALSE",1,"H838","SNG"
"p1_G22",34194,22314,122750,32471,4131,371,27690,7960,40944,0.996189917693388,0.899521297162094,0.977871976877692,"sc_Celseq2_5cl_p3","FALSE",2,"H838","DBL"
"p1_G23",21378,15576,84674,19732,2249,408,34046,5819,24184,0.992722460720839,0.902538868300306,0.979614216170106,"sc_Celseq2_5cl_p3","FALSE",2,"H838","DBL"
"p1_G24",17394,11944,52095,18224,1999,305,2175,5924,19766,0.99327127340217,0.903116462155663,0.977688466210429,"sc_Celseq2_5cl_p3","FALSE",2,"H838","SNG"
"p1_G3",32292,21632,99637,28298,2775,283,30519,7501,34093,0.996245563313218,0.895931715925283,0.980024937663175,"sc_Celseq2_5cl_p3","FALSE",1,"H838","DBL"
"p1_G4",11565,16003,40477,13392,1543,500,2543,4648,15297,0.986729423425031,0.891808850825777,0.979080225481973,"sc_Celseq2_5cl_p3","FALSE",1,"A549","SNG"
"p1_G5",6763,8417,17170,9907,649,291,1465,2817,6638,0.980566434196194,0.904790598215139,0.97589488415956,"sc_Celseq2_5cl_p3","FALSE",1,"A549","DBL"
"p1_G6",10154,8742,38747,7179,1139,303,11331,3993,12787,0.98944240166619,0.890279189105905,0.983107075070716,"sc_Celseq2_5cl_p3","FALSE",1,"A549","SNG"
"p1_G7",49499,21506,44866,24094,1326,405,5185,5550,18082,0.990266562885595,0.919588540582022,0.983906103359085,"sc_Celseq2_5cl_p3","FALSE",1,"H2228","SNG"
"p1_G8",20388,26499,50070,27543,1791,456,1543,6147,20457,0.991298821434571,0.90233171975249,0.980006364566474,"sc_Celseq2_5cl_p3","FALSE",1,"H838","SNG"
"p1_G9",23435,35023,56035,36604,1763,551,12529,5674,20060,0.989132601700333,0.883499501055085,0.982452152316973,"sc_Celseq2_5cl_p3","FALSE",1,"A549","SNG"
"p1_H1",14007,14383,41889,11256,1060,436,12993,3927,13402,0.987763019707683,0.878525592539527,0.980449947433258,"sc_Celseq2_5cl_p3","FALSE",1,"A549","SNG"
"p1_H10",10754,16449,27802,16252,1119,453,2179,4029,10766,0.983745122623309,0.90117035026828,0.978728423993662,"sc_Celseq2_5cl_p3","FALSE",1,"A549","SNG"
"p1_H11",28918,19753,134629,22984,2900,471,60276,6873,33136,0.994416948034036,0.904303476308455,0.980866435035479,"sc_Celseq2_5cl_p3","FALSE",1,"H2228","SNG"
"p1_H12",14416,10671,58863,11972,1439,324,24684,4409,17106,0.992224949729788,0.899508943704251,0.981818670747883,"sc_Celseq2_5cl_p3","FALSE",1,"HCC827","SNG"
"p1_H13",12088,12239,40698,14179,1500,282,2313,5103,16364,0.992666829019392,0.88969689508085,0.978366549519342,"sc_Celseq2_5cl_p3","FALSE",1,"A549","SNG"
"p1_H15",15933,13955,50935,19387,1874,477,3637,6018,19084,0.990044015410792,0.903846153372539,0.981030716290759,"sc_Celseq2_5cl_p3","FALSE",1,"H1975","SNG"
"p1_H16",8051,8680,26157,9769,636,249,8603,3127,8284,0.98804925037657,0.89304683619864,0.985995912607541,"sc_Celseq2_5cl_p3","FALSE",1,"A549","SNG"
"p1_H17",17085,18757,41415,19473,1467,338,1779,5127,16276,0.991951338785972,0.90900712649975,0.976344939576714,"sc_Celseq2_5cl_p3","FALSE",1,"H838","SNG"
"p1_H18",41042,58262,134165,50884,4040,320,43276,8000,39105,0.996803477561232,0.893952179799526,0.981280915156395,"sc_Celseq2_5cl_p3","FALSE",1,"H1975","DBL"
"p1_H19",14982,17249,35765,21376,1478,306,1954,5249,15782,0.990939043853162,0.903180838358142,0.975667864866389,"sc_Celseq2_5cl_p3","FALSE",1,"H838","SNG"
"p1_H2",14549,17326,45480,16651,1402,258,13763,4574,15045,0.992888001998745,0.884413425799659,0.982983726830358,"sc_Celseq2_5cl_p3","FALSE",1,"A549","SNG"
"p1_H20",26626,26709,64062,28436,1750,223,11373,6352,23769,0.996129411840578,0.906054103703961,0.982539870192322,"sc_Celseq2_5cl_p3","FALSE",1,"H2228","SNG"
"p1_H21",14886,14915,44957,15007,1076,165,17973,4846,17292,0.994853110689999,0.896368262262105,0.98536838690239,"sc_Celseq2_5cl_p3","FALSE",1,"HCC827","SNG"
"p1_H22",33345,34030,99326,43427,3761,271,7220,8343,38767,0.997085149483559,0.903165062836132,0.981659405767945,"sc_Celseq2_5cl_p3","FALSE",2,"H1975","DBL"
"p1_H23",32262,33167,78336,38537,2766,344,11901,7032,28019,0.995288910740823,0.896641564332545,0.978407159996017,"sc_Celseq2_5cl_p3","FALSE",2,"A549","DBL"
"p1_H3",15380,15729,49286,18704,1523,326,12326,5060,17071,0.991213167950786,0.894499442976686,0.983187286516732,"sc_Celseq2_5cl_p3","FALSE",1,"A549","SNG"
"p1_H4",34606,37778,87922,38226,2121,397,36864,5766,25084,0.993103172941675,0.897145590457206,0.98086390493386,"sc_Celseq2_5cl_p3","FALSE",1,"HCC827","DBL"
"p1_H5",8638,4521,32497,6136,610,191,17701,2533,8403,0.989051528038734,0.90289182327396,0.983219108390922,"sc_Celseq2_5cl_p3","FALSE",1,"H2228","DBL"
"p1_H6",7632,8182,19446,9099,726,174,1093,3298,7938,0.990299822385614,0.89254220094162,0.977700960316251,"sc_Celseq2_5cl_p3","FALSE",1,"A549","SNG"
"p1_H8",128802,4893,24890,6714,455,103,12808,3071,8857,0.993112791020534,0.912272777563201,0.986563185544557,"sc_Celseq2_5cl_p3","FALSE",1,"H2228","SNG"
"p1_I1",54491,50454,119699,61238,3912,415,3175,8743,46222,0.996451905803199,0.907641382694898,0.976699195902558,"sc_Celseq2_5cl_p3","FALSE",1,"HCC827","SNG"
"p1_I10",11159,9671,35241,11025,1228,225,2370,4719,14889,0.992209012699168,0.890993350197466,0.975551766034142,"sc_Celseq2_5cl_p3","FALSE",1,"A549","SNG"
"p1_I11",18075,21341,63115,21473,1860,393,18020,5392,21139,0.992525662996109,0.892473626523263,0.982354424355729,"sc_Celseq2_5cl_p3","FALSE",1,"A549","SNG"
"p1_I13",7869,8338,23330,7878,674,288,1336,3476,9128,0.988058719338235,0.893952672114425,0.98038893471852,"sc_Celseq2_5cl_p3","FALSE",1,"A549","SNG"
"p1_I14",11223,9545,39813,11739,1067,262,14777,4031,13519,0.990235963466058,0.878689251513655,0.98143281201804,"sc_Celseq2_5cl_p3","FALSE",1,"A549","SNG"
"p1_I15",14221,6369,62854,11103,1448,314,28143,4494,17488,0.992680694766308,0.899588288598131,0.980100079997667,"sc_Celseq2_5cl_p3","FALSE",1,"H2228","SNG"
"p1_I16",12687,9815,36355,12899,1270,373,6513,4444,13880,0.988904898422979,0.89625360165976,0.978601600431124,"sc_Celseq2_5cl_p3","FALSE",1,"A549","DBL"
"p1_I17",57365,69424,136950,80059,4319,512,9624,8892,48036,0.996169539304653,0.908506120220562,0.982283915754035,"sc_Celseq2_5cl_p3","FALSE",1,"HCC827","SNG"
"p1_I18",10648,12127,32129,11978,1016,339,5425,4136,12781,0.988498551765512,0.896486972148903,0.979969501627806,"sc_Celseq2_5cl_p3","FALSE",1,"A549","SNG"
"p1_I20",6208,4569,24022,4789,880,382,5088,3229,8997,0.98188284874749,0.899188617428933,0.978213873275677,"sc_Celseq2_5cl_p3","FALSE",1,"A549","SNG"
"p1_I21",22326,17364,72339,20473,2200,402,19789,6123,24521,0.993352636110537,0.899310794462171,0.979160320068382,"sc_Celseq2_5cl_p3","FALSE",1,"H838","SNG"
"p1_I22",36929,21480,88270,30621,2666,430,3817,7442,33193,0.994788057423316,0.903081974843165,0.977374453235787,"sc_Celseq2_5cl_p3","FALSE",2,"A549","DBL"
"p1_I23",25177,23362,90879,26693,2904,299,24560,6522,28831,0.995352224690315,0.891470985782154,0.98158198412057,"sc_Celseq2_5cl_p3","FALSE",2,"A549","SNG"
"p1_I24",24706,18706,84056,25211,2957,260,6226,7639,31505,0.996508490399458,0.908681161431937,0.97762228928034,"sc_Celseq2_5cl_p3","FALSE",2,"H2228","DBL"
"p1_I3",24662,24731,77912,25302,2583,407,17626,6392,27373,0.994118291384168,0.899134182990854,0.977203456981896,"sc_Celseq2_5cl_p3","FALSE",1,"H838","SNG"
"p1_I4",24253,33934,73160,32743,2771,450,2378,7089,28566,0.993628789122163,0.903101588985822,0.977945467357884,"sc_Celseq2_5cl_p3","FALSE",1,"H838","SNG"
"p1_I5",9034,2948,34379,4535,899,163,13444,3575,11337,0.992767045080033,0.880568050736025,0.984651155816216,"sc_Celseq2_5cl_p3","FALSE",1,"H2228","SNG"
"p1_I6",13971,14547,38189,15260,967,210,12487,3866,12366,0.992883712604817,0.899805918728929,0.98042941902845,"sc_Celseq2_5cl_p3","FALSE",1,"HCC827","SNG"
"p1_I8",23741,23081,67586,22682,2086,408,16455,6018,22993,0.992345496023857,0.896098812292394,0.982255041858374,"sc_Celseq2_5cl_p3","FALSE",1,"H1975","SNG"
"p1_J1",16710,10771,35573,11071,1120,365,6830,4148,12762,0.988403070844379,0.890220967802679,0.978607601780597,"sc_Celseq2_5cl_p3","FALSE",1,"A549","SNG"
"p1_J10",11176,10003,31121,9631,969,201,4787,4334,13359,0.992289841311258,0.884946477367358,0.978815046923387,"sc_Celseq2_5cl_p3","FALSE",1,"A549","SNG"
"p1_J11",18840,10466,67814,18630,2242,347,10738,6241,24758,0.994062524842854,0.901526778858742,0.97879433767092,"sc_Celseq2_5cl_p3","FALSE",1,"H838","SNG"
"p1_J14",7578,9421,22206,9187,881,247,1466,3712,9707,0.98887400742879,0.904192849588758,0.97475947794429,"sc_Celseq2_5cl_p3","FALSE",1,"H838","SNG"
"p1_J15",15120,18944,49049,14856,1537,391,8659,5393,16830,0.989423647659285,0.904278074329009,0.986749265151952,"sc_Celseq2_5cl_p3","FALSE",1,"H1975","SNG"
"p1_J16",24544,18078,58061,20803,1686,286,19452,4939,18260,0.992935377331361,0.882858707074009,0.981543821717513,"sc_Celseq2_5cl_p3","FALSE",1,"A549","SNG"
"p1_J18",10049,9620,35989,10611,1224,225,9408,4392,13885,0.992077781064402,0.892833992875165,0.978897386462091,"sc_Celseq2_5cl_p3","FALSE",1,"H838","SNG"
"p1_J19",32092,36702,94820,35821,3212,317,12559,7657,34989,0.995798679300409,0.900940295263957,0.978993118124805,"sc_Celseq2_5cl_p3","FALSE",1,"H838","SNG"
"p1_J2",8908,7323,29076,10486,1002,224,1420,4524,12154,0.991689977791929,0.904311337087123,0.980663994846145,"sc_Celseq2_5cl_p3","FALSE",1,"H1975","SNG"
"p1_J20",5773,7531,15071,7364,512,180,1525,3139,7408,0.985826132578528,0.892143627305422,0.97678053890316,"sc_Celseq2_5cl_p3","FALSE",1,"A549","SNG"
"p1_J21",9579,9544,29472,10224,957,335,1956,4154,11628,0.98847609134118,0.900240797299415,0.98039131373296,"sc_Celseq2_5cl_p3","FALSE",1,"A549","SNG"
"p1_J22",18662,10200,73369,13066,1841,282,31520,5128,21098,0.994075267326725,0.898758175704447,0.979808048247204,"sc_Celseq2_5cl_p3","FALSE",2,"HCC827","SNG"
"p1_J23",22074,16417,66062,23680,1956,289,9975,6537,25296,0.995256166589478,0.907455723866439,0.976122321267267,"sc_Celseq2_5cl_p3","FALSE",2,"HCC827","DBL"
"p1_J24",46249,49909,141528,54050,4576,340,40185,8393,44208,0.996901013165739,0.893073651625707,0.982672597115319,"sc_Celseq2_5cl_p3","FALSE",2,"H1975","DBL"
"p1_J3",17659,18057,56791,21906,1655,371,14398,5330,18910,0.991856160236988,0.885351665317107,0.982072457920435,"sc_Celseq2_5cl_p3","FALSE",1,"A549","SNG"
"p1_J4",10185,9057,24980,11018,913,267,1515,4278,11587,0.988694225434803,0.906878397422216,0.976610877180567,"sc_Celseq2_5cl_p3","FALSE",1,"H838","SNG"
"p1_J5",10051,7872,20848,10053,817,229,1796,3877,9197,0.989126888127512,0.901380884091137,0.983471802248774,"sc_Celseq2_5cl_p3","FALSE",1,"H1975","SNG"
"p1_J6",11447,12306,26008,13738,770,194,1573,4056,10431,0.992330552207525,0.909883998744239,0.981304782566597,"sc_Celseq2_5cl_p3","FALSE",1,"HCC827","SNG"
"p1_J8",8390,9392,24659,9614,882,273,3453,3390,9406,0.988199020850309,0.893153305450613,0.979267510878683,"sc_Celseq2_5cl_p3","FALSE",1,"A549","SNG"
"p1_J9",11405,2834,41159,7452,1006,375,16667,3656,13026,0.988023951337307,0.886457852843192,0.978273469773169,"sc_Celseq2_5cl_p3","FALSE",1,"H2228","SNG"
"p1_K1",9856,11960,29139,11921,919,400,2809,4534,12881,0.985793027726269,0.897989285848933,0.980668441372222,"sc_Celseq2_5cl_p3","FALSE",1,"A549","DBL"
"p1_K10",18818,19302,62864,17889,1647,416,25529,4886,18390,0.991082109303381,0.893692223548835,0.979499195487115,"sc_Celseq2_5cl_p3","FALSE",1,"H838","SNG"
"p1_K11",24245,9910,43682,9834,1083,479,18454,3761,13357,0.985999849527589,0.884330313031122,0.981432221732259,"sc_Celseq2_5cl_p3","FALSE",1,"A549","SNG"
"p1_K12",14092,9351,49188,11860,1760,377,3612,5848,19288,0.991860223459218,0.912484445814763,0.978846443982557,"sc_Celseq2_5cl_p3","FALSE",1,"H2228","SNG"
"p1_K13",12918,6418,43309,9105,1022,312,15052,4403,13699,0.991386231848028,0.896780786264121,0.987297622236935,"sc_Celseq2_5cl_p3","FALSE",1,"H2228","SNG"
"p1_K15",16000,11824,39918,14333,1300,401,4552,4670,15313,0.989486056951945,0.900803238489647,0.980604074574496,"sc_Celseq2_5cl_p3","FALSE",1,"A549","SNG"
"p1_K18",23686,19511,60996,18716,1797,325,19321,5349,19953,0.993484688521283,0.896105848295441,0.981105106447599,"sc_Celseq2_5cl_p3","FALSE",1,"H838","SNG"
"p1_K2",16540,12712,50153,17419,1653,325,2334,5575,20034,0.992462812722141,0.892932015127817,0.980882010141754,"sc_Celseq2_5cl_p3","FALSE",1,"A549","SNG"
"p1_K20",21648,16568,48064,16904,1319,330,15618,4463,15132,0.992003700111021,0.885937086382542,0.981165093070914,"sc_Celseq2_5cl_p3","FALSE",1,"A549","SNG"
"p1_K21",22272,23113,64267,25247,2192,309,3931,6621,24653,0.994077799458858,0.90078286581723,0.980002036262509,"sc_Celseq2_5cl_p3","FALSE",1,"A549","SNG"
"p1_K22",28778,28946,93007,33066,3396,326,6718,7732,34061,0.996183317871999,0.898241390182836,0.980769507422123,"sc_Celseq2_5cl_p3","FALSE",2,"H838","DBL"
"p1_K23",24729,14469,78161,20274,2592,303,12426,6946,28554,0.995657350635408,0.896722000106212,0.977621006646702,"sc_Celseq2_5cl_p3","FALSE",2,"H838","DBL"
"p1_K24",16235,10622,41506,12912,1444,228,4576,4916,15464,0.993339368214343,0.901060527094503,0.974326840192162,"sc_Celseq2_5cl_p3","FALSE",2,"H838","SNG"
"p1_K3",12577,18974,31289,16023,1013,530,2914,4154,12016,0.982772968556281,0.901714380075138,0.977612368831251,"sc_Celseq2_5cl_p3","FALSE",1,"A549","SNG"
"p1_K4",12029,12654,38179,14528,1511,388,1544,4959,15064,0.989644184154511,0.908058947883657,0.973977048607907,"sc_Celseq2_5cl_p3","FALSE",1,"H838","SNG"
"p1_K7",17257,13095,51321,16370,1434,407,10607,5040,17962,0.991314997777912,0.905968154489496,0.976227048086489,"sc_Celseq2_5cl_p3","FALSE",1,"H2228","SNG"
"p1_K8",35982,19454,145090,25379,3508,395,54339,7240,39616,0.996137923819634,0.900494749368817,0.979376772168626,"sc_Celseq2_5cl_p3","FALSE",1,"HCC827","SNG"
"p1_L1",12099,10943,33738,17500,1125,423,5689,4521,12846,0.98793398646432,0.901525766073855,0.983028971641778,"sc_Celseq2_5cl_p3","FALSE",1,"A549","SNG"
"p1_L10",12419,8098,44117,11563,1176,379,14307,4214,14498,0.988688094227695,0.878052144517829,0.980824264847382,"sc_Celseq2_5cl_p3","FALSE",1,"A549","SNG"
"p1_L11",12212,9301,38151,11078,1688,287,1279,4925,15020,0.992276963387299,0.902796271036754,0.976563930383535,"sc_Celseq2_5cl_p3","FALSE",1,"H838","SNG"
"p1_L12",14235,4602,54777,7715,1661,308,18638,4812,18054,0.993020936638407,0.891215242665772,0.978176039561294,"sc_Celseq2_5cl_p3","FALSE",1,"H838","SNG"
"p1_L13",14429,4204,62267,7969,1615,288,22698,4521,18706,0.992996898859726,0.896343418744604,0.975087685722396,"sc_Celseq2_5cl_p3","FALSE",1,"HCC827","SNG"
"p1_L17",15066,15572,49587,14758,1346,279,16658,4375,15195,0.99210266469753,0.892201381446396,0.979071418840791,"sc_Celseq2_5cl_p3","FALSE",1,"A549","SNG"
"p1_L18",8594,5235,30291,7717,997,177,2206,4640,13268,0.993216761385878,0.909255350535683,0.975353500638001,"sc_Celseq2_5cl_p3","FALSE",1,"H2228","SNG"
"p1_L19",13535,9732,40198,12792,1633,322,2821,4971,15678,0.991708125403937,0.907194794675855,0.975442674165918,"sc_Celseq2_5cl_p3","FALSE",1,"H838","SNG"
"p1_L20",8861,5766,28540,8099,1094,266,2592,3912,10933,0.989755784332063,0.900576236256676,0.975852029770393,"sc_Celseq2_5cl_p3","FALSE",1,"H1975","SNG"
"p1_L22",16783,17100,57721,21450,1923,310,4421,5966,21713,0.994611522592635,0.909915718274805,0.976741594094969,"sc_Celseq2_5cl_p3","FALSE",2,"HCC827","DBL"
"p1_L23",33972,22601,93944,34295,3136,234,7893,7703,33944,0.996936129802929,0.918129860676959,0.978140178488045,"sc_Celseq2_5cl_p3","FALSE",2,"HCC827","DBL"
"p1_L24",35751,29039,111730,35087,3774,306,26792,7618,36813,0.996957596230419,0.896014994459562,0.981039040274077,"sc_Celseq2_5cl_p3","FALSE",2,"H1975","SNG"
"p1_L3",15908,17567,40374,22357,1438,304,1047,5452,18790,0.993241085155274,0.917402873380839,0.973496022620531,"sc_Celseq2_5cl_p3","FALSE",1,"H1975","DBL"
"p1_L4",28175,19848,104844,25992,2948,396,27100,7015,33649,0.995631370621525,0.893369787841133,0.978958964914569,"sc_Celseq2_5cl_p3","FALSE",1,"HCC827","SNG"
"p1_L6",6491,7565,16821,7273,577,130,1376,2776,6663,0.990995045788691,0.895692629602743,0.977786315794213,"sc_Celseq2_5cl_p3","FALSE",1,"A549","SNG"
"p1_L8",14643,9626,51663,12790,1222,370,18404,4480,15565,0.991390940577327,0.902216510824146,0.985608104331446,"sc_Celseq2_5cl_p3","FALSE",1,"H2228","SNG"
"p1_L9",9394,8089,29143,8852,901,400,3438,4023,11301,0.986107423249175,0.919564639483617,0.977877198586675,"sc_Celseq2_5cl_p3","FALSE",1,"H1975","SNG"
"p1_M1",30711,24602,76753,32008,2539,451,6635,6949,28323,0.993927196626796,0.901634713518471,0.976061513236058,"sc_Celseq2_5cl_p3","FALSE",1,"A549","SNG"
"p1_M10",15622,13951,60817,13877,1651,479,22161,4740,18211,0.989566744830286,0.880292130646152,0.98220801592004,"sc_Celseq2_5cl_p3","FALSE",1,"A549","SNG"
"p1_M11",12014,7162,38022,10502,1460,336,1866,4878,15214,0.99132378007669,0.898251609768469,0.98139806665041,"sc_Celseq2_5cl_p3","FALSE",1,"A549","SNG"
"p1_M12",12111,6293,24549,14402,813,579,793,3989,10440,0.979980841973198,0.913697317132474,0.977776841209922,"sc_Celseq2_5cl_p3","FALSE",1,"H838","DBL"
"p1_M13",17943,11311,62929,15015,2001,357,23082,4988,20030,0.992910633553215,0.892860708490833,0.981077892622121,"sc_Celseq2_5cl_p3","FALSE",1,"H1975","SNG"
"p1_M15",19856,14664,77498,12800,1800,348,32645,5347,21346,0.9932071577845,0.877541459347165,0.981307513675858,"sc_Celseq2_5cl_p3","FALSE",1,"H838","SNG"
"p1_M16",14042,7865,60547,11193,1385,374,28607,4501,16356,0.990584494380909,0.891293714299772,0.981963204962579,"sc_Celseq2_5cl_p3","FALSE",1,"H838","SNG"
"p1_M18",7070,4647,27134,6128,822,331,7621,3257,9444,0.987187631313863,0.904277847411819,0.981892225865919,"sc_Celseq2_5cl_p3","FALSE",1,"HCC827","DBL"
"p1_M2",23505,15172,79732,23205,2310,307,9727,6723,29000,0.99548275827742,0.908896551410725,0.97906862790737,"sc_Celseq2_5cl_p3","FALSE",1,"HCC827","SNG"
"p1_M20",13287,8216,55426,10616,1557,346,21004,4602,16545,0.992021758239939,0.885645209497948,0.983257187514544,"sc_Celseq2_5cl_p3","FALSE",1,"A549","SNG"
"p1_M22",48966,21907,183478,33219,5194,333,60343,8837,52909,0.997335046778934,0.889281596535697,0.982214560431201,"sc_Celseq2_5cl_p3","FALSE",2,"H1975","DBL"
"p1_M23",19973,11598,80585,15879,2155,336,25354,5867,25955,0.994875746100992,0.882026584133297,0.980003475244279,"sc_Celseq2_5cl_p3","FALSE",2,"A549","SNG"
"p1_M24",27034,27816,80855,38258,2529,463,6919,7106,29678,0.99400229092459,0.914145157721496,0.976884905692801,"sc_Celseq2_5cl_p3","FALSE",2,"HCC827","DBL"
"p1_M3",12951,6761,43950,13327,1547,368,1146,5518,16961,0.991863686697799,0.914391839564653,0.974411311590525,"sc_Celseq2_5cl_p3","FALSE",1,"H2228","SNG"
"p1_M7",21631,16190,56915,23320,2271,255,3679,6252,23348,0.994603391727513,0.901833133072712,0.978927111989416,"sc_Celseq2_5cl_p3","FALSE",1,"H1975","SNG"
"p1_M8",17977,8801,60378,16817,2094,292,15208,6047,23511,0.993917740209299,0.887542001238764,0.979285875000691,"sc_Celseq2_5cl_p3","FALSE",1,"H838","SNG"
"p1_M9",10335,7332,24379,9231,999,310,1189,3864,10154,0.987098679350898,0.905751427116652,0.975279717077293,"sc_Celseq2_5cl_p3","FALSE",1,"H838","SNG"
"p1_N1",10197,12410,36521,9813,1118,454,3797,4534,13630,0.987674247257759,0.896845193766071,0.983198104770283,"sc_Celseq2_5cl_p3","FALSE",1,"A549","SNG"
"p1_N10",12517,7189,47854,8740,1276,225,19912,3981,14430,0.992862092174039,0.882605681994036,0.984060302106513,"sc_Celseq2_5cl_p3","FALSE",1,"A549","SNG"
"p1_N11",12098,5768,46195,7750,1231,370,16080,4240,14254,0.989125858713957,0.876455731109544,0.981899128736405,"sc_Celseq2_5cl_p3","FALSE",1,"A549","SNG"
"p1_N13",16188,16923,41138,18906,1545,311,862,5100,16580,0.991375150186143,0.917068756986086,0.973762983255137,"sc_Celseq2_5cl_p3","FALSE",1,"HCC827","SNG"
"p1_N14",9976,5465,38016,6942,1249,368,6711,4286,13428,0.989797437451745,0.898868036268344,0.978328136484855,"sc_Celseq2_5cl_p3","FALSE",1,"A549","SNG"
"p1_N15",10645,7710,37642,8074,1403,304,3389,4649,14286,0.990620186902828,0.902421950929286,0.977459766582832,"sc_Celseq2_5cl_p3","FALSE",1,"H838","SNG"
"p1_N16",10481,7737,34984,11038,1143,361,2163,4851,13814,0.990299695243739,0.907991891625893,0.981684536206359,"sc_Celseq2_5cl_p3","FALSE",1,"H838","SNG"
"p1_N17",39594,16444,53959,22313,1561,349,4159,5834,20159,0.993005604944191,0.92142467338587,0.978867513831284,"sc_Celseq2_5cl_p3","FALSE",1,"H2228","SNG"
"p1_N18",7126,6252,23025,6599,633,249,8524,2786,7930,0.987011348061776,0.882471625621095,0.985496865703826,"sc_Celseq2_5cl_p3","FALSE",1,"A549","DBL"
"p1_N19",9190,7042,28175,10567,892,326,3303,4149,10831,0.987997413915615,0.913304403182251,0.979687028264215,"sc_Celseq2_5cl_p3","FALSE",1,"HCC827","DBL"
"p1_N2",8454,6601,28673,9758,901,260,2415,3858,10686,0.98923825473588,0.893224779250211,0.978382015364013,"sc_Celseq2_5cl_p3","FALSE",1,"A549","SNG"
"p1_N20",11684,8680,20935,8867,652,260,5557,2962,7777,0.987141570030678,0.885045646283855,0.978010829354726,"sc_Celseq2_5cl_p3","FALSE",1,"A549","SNG"
"p1_N21",13902,11457,46841,15945,1578,306,2510,5091,17764,0.992850708740796,0.88791938702549,0.977650879502995,"sc_Celseq2_5cl_p3","FALSE",1,"A549","SNG"
"p1_N22",15591,5252,62856,8974,1650,228,26502,4637,17931,0.995092297699463,0.881601694896212,0.981651340331638,"sc_Celseq2_5cl_p3","FALSE",2,"A549","DBL"
"p1_N23",21879,23325,65470,26893,2268,272,4103,6559,24784,0.995965138397367,0.907642026748046,0.977162291332194,"sc_Celseq2_5cl_p3","FALSE",2,"HCC827","DBL"
"p1_N24",14788,21014,34719,17470,1207,152,1915,4947,13474,0.995101676565903,0.903888970681395,0.983523093718945,"sc_Celseq2_5cl_p3","FALSE",2,"H838","SNG"
"p1_N3",8695,3103,31595,5192,788,254,12260,3269,10521,0.988023951156711,0.899629311947886,0.978898413745448,"sc_Celseq2_5cl_p3","FALSE",1,"H2228","DBL"
"p1_N4",23465,15792,56354,21702,1889,287,4267,5755,21457,0.994034580326218,0.895511953723488,0.974832933386339,"sc_Celseq2_5cl_p3","FALSE",1,"A549","SNG"
"p1_N7",20935,21024,50217,24042,2297,306,2431,5845,20172,0.993505849200126,0.907049374922145,0.97382462134413,"sc_Celseq2_5cl_p3","FALSE",1,"H838","SNG"
"p1_N8",5019,4435,17864,5135,582,248,2931,2684,6536,0.984547122116666,0.904987758713299,0.981179649357942,"sc_Celseq2_5cl_p3","FALSE",1,"A549","SNG"
"p1_N9",15378,12850,45454,16073,1555,283,2218,5536,17024,0.993127349040691,0.915061089688052,0.981378652855585,"sc_Celseq2_5cl_p3","FALSE",1,"H2228","SNG"
"p1_O1",16540,18586,56767,19559,2132,355,5659,5879,21214,0.992693503821677,0.900584519232307,0.980814094082166,"sc_Celseq2_5cl_p3","FALSE",1,"H1975","SNG"
"p1_O10",5810,2772,20145,5358,640,386,1969,3343,8497,0.979286805955882,0.911851240541543,0.975401935504371,"sc_Celseq2_5cl_p3","FALSE",1,"H2228","DBL"
"p1_O11",13277,9927,51262,9902,1778,371,3214,5572,19563,0.992843632882051,0.903133465775631,0.975463387280383,"sc_Celseq2_5cl_p3","FALSE",1,"H838","SNG"
"p1_O12",11714,7853,40821,9677,1113,370,13544,3776,13370,0.987883320128733,0.875916229711357,0.9795056249023,"sc_Celseq2_5cl_p3","FALSE",1,"A549","SNG"
"p1_O13",14535,9868,56572,12567,1912,330,15721,4891,18192,0.992359278258378,0.879177660026837,0.97966085110991,"sc_Celseq2_5cl_p3","FALSE",1,"A549","SNG"
"p1_O14",5447,3527,18459,5431,593,262,2407,3301,8248,0.986420949337511,0.898763335476766,0.977569134857984,"sc_Celseq2_5cl_p3","FALSE",1,"A549","DBL"
"p1_O15",17510,10937,63484,13301,2323,351,4226,6352,24158,0.994080635402732,0.904255318774627,0.976943051186749,"sc_Celseq2_5cl_p3","FALSE",1,"H838","SNG"
"p1_O16",9632,3680,39659,6708,1187,349,15018,3563,12317,0.989039538045758,0.883331979472816,0.977428775327778,"sc_Celseq2_5cl_p3","FALSE",1,"A549","SNG"
"p1_O17",11808,6359,41127,9675,1525,359,6398,4898,15765,0.990168093250766,0.905359974053054,0.975958784675684,"sc_Celseq2_5cl_p3","FALSE",1,"H838","SNG"
"p1_O18",11542,4252,38372,10624,1002,472,11410,3937,12560,0.987579617048105,0.888933120311359,0.978900494505976,"sc_Celseq2_5cl_p3","FALSE",1,"H2228","SNG"
"p1_O19",15536,11430,51119,15062,1375,366,16935,4577,16188,0.991228069563116,0.894860389859859,0.975413284276449,"sc_Celseq2_5cl_p3","FALSE",1,"HCC827","SNG"
"p1_O2",12494,12395,42306,14074,1398,368,3109,4900,16370,0.990531459382693,0.881734880341029,0.979779487000924,"sc_Celseq2_5cl_p3","FALSE",1,"A549","SNG"
"p1_O20",13993,6110,54286,11384,1940,406,1541,5741,21010,0.991718228942542,0.907282246117429,0.981198961828195,"sc_Celseq2_5cl_p3","FALSE",1,"H1975","SNG"
"p1_O21",13874,11257,43165,12440,1563,358,4573,4995,16287,0.991219990795592,0.887824644877617,0.977281895203601,"sc_Celseq2_5cl_p3","FALSE",1,"A549","SNG"
"p1_O24",10356,13212,21268,13879,495,117,2414,3671,9206,0.993265260706859,0.913426025512246,0.978382600062351,"sc_Celseq2_5cl_p3","FALSE",2,"HCC827","DBL"
"p1_O4",18988,8951,71393,12378,2299,404,20801,5709,23661,0.993322344366966,0.889480579481222,0.979501720340763,"sc_Celseq2_5cl_p3","FALSE",1,"H838","SNG"
"p1_O7",16520,3364,63403,8430,1782,488,22786,4657,19097,0.99005079279989,0.879143320480105,0.977168677190827,"sc_Celseq2_5cl_p3","FALSE",1,"H2228","SNG"
"p1_O8",8737,5175,30954,6182,683,423,16079,2551,9025,0.982160663731678,0.881329638912654,0.985372869392942,"sc_Celseq2_5cl_p3","FALSE",1,"H1975","SNG"
"p1_O9",10448,5812,38837,9191,1375,424,2804,4899,14719,0.988518241056785,0.909776478762296,0.976356426145508,"sc_Celseq2_5cl_p3","FALSE",1,"H838","DBL"
"p1_P10",14510,3607,62290,7822,2058,267,10819,5632,22305,0.994799371892042,0.903653888857362,0.97525174837402,"sc_Celseq2_5cl_p3","FALSE",1,"HCC827","SNG"
"p1_P12",14699,5575,51171,8739,1829,285,3533,5504,19288,0.993882206038012,0.906366652371233,0.973972950034763,"sc_Celseq2_5cl_p3","FALSE",1,"H838","SNG"
"p1_P14",20465,10134,71677,15559,2209,346,24512,5621,21981,0.993949319414972,0.875119420920286,0.984440660370019,"sc_Celseq2_5cl_p3","FALSE",1,"H1975","SNG"
"p1_P15",6471,1649,23226,3515,644,269,8081,2624,8300,0.985301203632167,0.891084336275802,0.973251839455615,"sc_Celseq2_5cl_p3","FALSE",1,"H2228","SNG"
"p1_P16",14072,9047,45083,10776,1722,335,5637,4739,16931,0.991790206726248,0.913354201811261,0.97359814919488,"sc_Celseq2_5cl_p3","FALSE",1,"H838","SNG"
"p1_P17",11575,4527,43161,5384,1334,293,16770,3717,13397,0.991266700760419,0.881689929923349,0.973948664664727,"sc_Celseq2_5cl_p3","FALSE",1,"H838","SNG"
"p1_P22",30057,23392,105395,26718,3431,221,23398,7359,35352,0.997114731557729,0.89508372909734,0.977596464812043,"sc_Celseq2_5cl_p3","FALSE",2,"H838","DBL"
"p1_P3",13542,6932,45806,10737,1202,297,14059,4685,15292,0.991041066576615,0.900013078145427,0.98404330104414,"sc_Celseq2_5cl_p3","FALSE",1,"H1975","SNG"
"p1_P4",12486,5427,32340,6461,822,355,11375,3425,10679,0.988107499777032,0.883041482458056,0.982769001995503,"sc_Celseq2_5cl_p3","FALSE",1,"A549","SNG"
"p1_P7",7775,4401,25133,6034,826,319,2110,3550,9951,0.98552909156313,0.891568685668206,0.977991178784867,"sc_Celseq2_5cl_p3","FALSE",1,"A549","DBL"
"p1_P8",4664,4105,17229,4139,721,247,709,2789,6577,0.983883227939968,0.902995285231876,0.982665375299718,"sc_Celseq2_5cl_p3","FALSE",1,"A549","SNG"
"p1_P9",42456,21703,169957,37293,5019,177,26370,9749,59075,0.998595006178824,0.900465509792558,0.979737455820998,"sc_Celseq2_5cl_p3","FALSE",1,"H2228","DBL"
